CHROM	POS	PI	Type	Pop
chr1	5033924	0	NEU	e_Agta
chr1	5033977	0	NEU	e_Agta
chr1	5034174	0.483159	NEU	e_Agta
chr1	5034218	0.418118	NEU	e_Agta
chr1	5034279	0	NEU	e_Agta
chr10	2009124	0	NEU	e_Agta
chr10	2009132	0	NEU	e_Agta
chr10	2009183	0.460976	NEU	e_Agta
chr10	2009368	0.0487805	NEU	e_Agta
chr10	2009479	0	NEU	e_Agta
chr10	3306461	0.512195	NEU	e_Agta
chr10	3306462	0	NEU	e_Agta
chr10	3306688	0.500711	NEU	e_Agta
chr10	29421229	0	NEU	e_Agta
chr10	29421437	0	NEU	e_Agta
chr10	29421537	0.250871	NEU	e_Agta
chr10	29421591	0.0929152	NEU	e_Agta
chr10	29421685	0	NEU	e_Agta
chr10	130553950	0.267206	NEU	e_Agta
chr10	130554050	0	NEU	e_Agta
chr10	130554097	0	NEU	e_Agta
chr10	130554129	0	NEU	e_Agta
chr10	130554209	0.176539	NEU	e_Agta
chr10	130554363	0.315912	NEU	e_Agta
chr11	91096860	0	NEU	e_Agta
chr11	91096889	0	NEU	e_Agta
chr11	91097056	0	NEU	e_Agta
chr11	91097111	0.0929152	NEU	e_Agta
chr11	91097129	0	NEU	e_Agta
chr11	91097178	0.250871	NEU	e_Agta
chr11	91097219	0	NEU	e_Agta
chr11	91097231	0.250871	NEU	e_Agta
chr11	98435081	0	NEU	e_Agta
chr11	98435229	0.0929152	NEU	e_Agta
chr11	98435262	0	NEU	e_Agta
chr11	98435300	0	NEU	e_Agta
chr11	98435308	0	NEU	e_Agta
chr11	98435482	0.095122	NEU	e_Agta
chr11	98435488	0.095122	NEU	e_Agta
chr11	98435491	0.47561	NEU	e_Agta
chr11	116269741	0.047619	NEU	e_Agta
chr11	116269785	0.418118	NEU	e_Agta
chr11	116269946	0	NEU	e_Agta
chr11	116269980	0	NEU	e_Agta
chr11	116270165	0	NEU	e_Agta
chr11	116270219	0.418118	NEU	e_Agta
chr11	116270353	0	NEU	e_Agta
chr11	116270355	0	NEU	e_Agta
chr11	116270407	0	NEU	e_Agta
chr13	34295684	0.135889	NEU	e_Agta
chr13	34295789	0.507549	NEU	e_Agta
chr13	34295915	0	NEU	e_Agta
chr13	34296166	0	NEU	e_Agta
chr13	110776640	0	NEU	e_Agta
chr13	110776733	0.512195	NEU	e_Agta
chr13	110776831	0.180488	NEU	e_Agta
chr13	110776835	0	NEU	e_Agta
chr13	110776840	0	NEU	e_Agta
chr14	101351283	0.418118	NEU	e_Agta
chr14	101351451	0.334683	NEU	e_Agta
chr14	101351560	0	NEU	e_Agta
chr14	101351689	0	NEU	e_Agta
chr14	101351893	0	NEU	e_Agta
chr14	101351984	0	NEU	e_Agta
chr14	101528792	0	NEU	e_Agta
chr14	101528877	0	NEU	e_Agta
chr14	101529005	0.511034	NEU	e_Agta
chr14	101529142	0.511034	NEU	e_Agta
chr14	101529339	0.047619	NEU	e_Agta
chr14	101529449	0	NEU	e_Agta
chr14	101529453	0	NEU	e_Agta
chr16	87097657	0	NEU	e_Agta
chr16	87097879	0.470383	NEU	e_Agta
chr16	87098090	0	NEU	e_Agta
chr18	7456421	0	NEU	e_Agta
chr18	72836420	0.418118	NEU	e_Agta
chr18	72836611	0	NEU	e_Agta
chr18	72836733	0	NEU	e_Agta
chr18	72836829	0	NEU	e_Agta
chr18	73970368	0	NEU	e_Agta
chr18	73970477	0	NEU	e_Agta
chr18	73970653	0	NEU	e_Agta
chr18	73970794	0.512195	NEU	e_Agta
chr18	73971026	0	NEU	e_Agta
chr18	75682465	0	NEU	e_Agta
chr18	75682527	0	NEU	e_Agta
chr19	28554680	0	NEU	e_Agta
chr19	28554899	0	NEU	e_Agta
chr19	28554960	0	NEU	e_Agta
chr19	28555504	0.047619	NEU	e_Agta
chr19	28555557	0	NEU	e_Agta
chr19	28555637	0	NEU	e_Agta
chr19	28555771	0.437863	NEU	e_Agta
chr19	28555865	0	NEU	e_Agta
chr19	28555975	0	NEU	e_Agta
chr19	28556104	0	NEU	e_Agta
chr2	7560810	0	NEU	e_Agta
chr2	7560822	0	NEU	e_Agta
chr2	7561194	0.493612	NEU	e_Agta
chr2	7561276	0	NEU	e_Agta
chr2	7561292	0	NEU	e_Agta
chr2	7561384	0	NEU	e_Agta
chr2	45347842	0.193457	NEU	e_Agta
chr2	45347843	0.510121	NEU	e_Agta
chr2	45348125	0.321951	NEU	e_Agta
chr2	45348146	0	NEU	e_Agta
chr2	45348245	0.135889	NEU	e_Agta
chr2	45348271	0.135889	NEU	e_Agta
chr2	45348272	0	NEU	e_Agta
chr2	45348277	0.135889	NEU	e_Agta
chr2	45348345	0	NEU	e_Agta
chr2	45348393	0	NEU	e_Agta
chr2	45348556	0	NEU	e_Agta
chr2	240360589	0	NEU	e_Agta
chr2	240360632	0.507549	NEU	e_Agta
chr2	240360739	0	NEU	e_Agta
chr21	40382011	0	NEU	e_Agta
chr21	40382022	0	NEU	e_Agta
chr21	40382042	0.415655	NEU	e_Agta
chr21	40382304	0.470383	NEU	e_Agta
chr21	40382306	0	NEU	e_Agta
chr21	40382384	0.180488	NEU	e_Agta
chr21	40382615	0	NEU	e_Agta
chr21	40382624	0.430769	NEU	e_Agta
chr22	35847034	0.437863	NEU	e_Agta
chr22	35847318	0	NEU	e_Agta
chr22	35847376	0	NEU	e_Agta
chr22	35847404	0	NEU	e_Agta
chr22	35847484	0	NEU	e_Agta
chr22	35847616	0.139024	NEU	e_Agta
chr22	35847637	0.0929152	NEU	e_Agta
chr4	23322543	0	NEU	e_Agta
chr4	23322580	0	NEU	e_Agta
chr4	23322799	0	NEU	e_Agta
chr4	23322809	0	NEU	e_Agta
chr4	23322984	0	NEU	e_Agta
chr4	24448818	0.0487805	NEU	e_Agta
chr4	24448916	0.0512821	NEU	e_Agta
chr4	24449051	0.279279	NEU	e_Agta
chr4	24449142	0	NEU	e_Agta
chr4	24449390	0	NEU	e_Agta
chr4	24449590	0	NEU	e_Agta
chr4	24449601	0	NEU	e_Agta
chr4	24449635	0	NEU	e_Agta
chr4	24449711	0	NEU	e_Agta
chr4	165726565	0	NEU	e_Agta
chr4	165726590	0	NEU	e_Agta
chr4	165726599	0	NEU	e_Agta
chr4	165726665	0	NEU	e_Agta
chr4	165726732	0	NEU	e_Agta
chr4	165726771	0	NEU	e_Agta
chr4	165726798	0.047619	NEU	e_Agta
chr4	165726871	0	NEU	e_Agta
chr4	165726924	0.250871	NEU	e_Agta
chr4	165726991	0	NEU	e_Agta
chr4	165727044	0.507549	NEU	e_Agta
chr4	181477714	0	NEU	e_Agta
chr4	181477851	0.135889	NEU	e_Agta
chr4	181478220	0	NEU	e_Agta
chr4	181478252	0	NEU	e_Agta
chr4	181478303	0	NEU	e_Agta
chr4	181478314	0	NEU	e_Agta
chr4	181478345	0.35122	NEU	e_Agta
chr4	181478402	0	NEU	e_Agta
chr4	181490981	0	NEU	e_Agta
chr4	181491059	0.315912	NEU	e_Agta
chr4	181491139	0	NEU	e_Agta
chr4	181491222	0.135889	NEU	e_Agta
chr4	181491269	0.214866	NEU	e_Agta
chr4	181491363	0.214866	NEU	e_Agta
chr4	182506668	0	NEU	e_Agta
chr4	182506701	0	NEU	e_Agta
chr4	182506979	0	NEU	e_Agta
chr4	182507149	0	NEU	e_Agta
chr5	3175859	0.512195	NEU	e_Agta
chr5	3175962	0	NEU	e_Agta
chr5	3176012	0	NEU	e_Agta
chr5	3176092	0	NEU	e_Agta
chr5	3176442	0	NEU	e_Agta
chr5	3176609	0	NEU	e_Agta
chr5	3176632	0	NEU	e_Agta
chr5	3176678	0.509756	NEU	e_Agta
chr5	6886928	0	NEU	e_Agta
chr5	6886960	0	NEU	e_Agta
chr5	6887134	0	NEU	e_Agta
chr5	6887228	0	NEU	e_Agta
chr5	6887286	0.214866	NEU	e_Agta
chr5	6887402	0	NEU	e_Agta
chr5	82155978	0	NEU	e_Agta
chr5	82156097	0.047619	NEU	e_Agta
chr5	82156109	0	NEU	e_Agta
chr5	82156138	0	NEU	e_Agta
chr5	82156144	0	NEU	e_Agta
chr5	82156190	0	NEU	e_Agta
chr5	82156245	0	NEU	e_Agta
chr5	82156401	0	NEU	e_Agta
chr5	116156440	0	NEU	e_Agta
chr6	840735	0	NEU	e_Agta
chr6	840845	0	NEU	e_Agta
chr6	840885	0	NEU	e_Agta
chr6	841104	0	NEU	e_Agta
chr6	841105	0	NEU	e_Agta
chr6	841225	0	NEU	e_Agta
chr6	841297	0	NEU	e_Agta
chr6	148487686	0	NEU	e_Agta
chr6	148487734	0	NEU	e_Agta
chr6	148487755	0	NEU	e_Agta
chr6	148487914	0	NEU	e_Agta
chr6	148487921	0	NEU	e_Agta
chr6	148487968	0	NEU	e_Agta
chr6	148488018	0.0929152	NEU	e_Agta
chr7	15880252	0	NEU	e_Agta
chr7	15880255	0	NEU	e_Agta
chr7	15880508	0	NEU	e_Agta
chr7	15880511	0.483159	NEU	e_Agta
chr7	15880571	0.250871	NEU	e_Agta
chr7	15880588	0	NEU	e_Agta
chr7	15880726	0	NEU	e_Agta
chr7	15880771	0.047619	NEU	e_Agta
chr7	15880776	0.284553	NEU	e_Agta
chr7	15880792	0	NEU	e_Agta
chr7	15880858	0	NEU	e_Agta
chr7	109161220	0.437863	NEU	e_Agta
chr7	109161773	0	NEU	e_Agta
chr7	109161778	0	NEU	e_Agta
chr8	102472400	0	NEU	e_Agta
chr8	102472488	0	NEU	e_Agta
chr8	102472558	0	NEU	e_Agta
chr8	102472574	0	NEU	e_Agta
chr8	102472718	0	NEU	e_Agta
chr8	102472926	0.511034	NEU	e_Agta
chr8	102472929	0	NEU	e_Agta
chr1	5033924	0.416667	NEU	a_Bakiga
chr1	5033977	0	NEU	a_Bakiga
chr1	5034174	0.418552	NEU	a_Bakiga
chr1	5034218	0	NEU	a_Bakiga
chr1	5034279	0.0384615	NEU	a_Bakiga
chr2	7560810	0.0384615	NEU	a_Bakiga
chr2	7560822	0.0384615	NEU	a_Bakiga
chr2	7561194	0	NEU	a_Bakiga
chr2	7561276	0.144796	NEU	a_Bakiga
chr2	7561292	0	NEU	a_Bakiga
chr2	7561384	0.0408163	NEU	a_Bakiga
chr2	45347842	0.0408163	NEU	a_Bakiga
chr2	45347843	0.500392	NEU	a_Bakiga
chr2	45348125	0.0783673	NEU	a_Bakiga
chr2	45348146	0	NEU	a_Bakiga
chr2	45348245	0	NEU	a_Bakiga
chr2	45348271	0	NEU	a_Bakiga
chr2	45348272	0.11086	NEU	a_Bakiga
chr2	45348277	0.237557	NEU	a_Bakiga
chr2	45348345	0.0754148	NEU	a_Bakiga
chr2	45348393	0	NEU	a_Bakiga
chr2	45348556	0.0392157	NEU	a_Bakiga
chr2	240360589	0	NEU	a_Bakiga
chr2	240360632	0.434389	NEU	a_Bakiga
chr2	240360739	0.0384615	NEU	a_Bakiga
chr4	23322543	0.147451	NEU	a_Bakiga
chr4	23322580	0.0392157	NEU	a_Bakiga
chr4	23322799	0	NEU	a_Bakiga
chr4	23322809	0	NEU	a_Bakiga
chr4	23322984	0.0392157	NEU	a_Bakiga
chr4	24448818	0	NEU	a_Bakiga
chr4	24448916	0.0832562	NEU	a_Bakiga
chr4	24449051	0.119681	NEU	a_Bakiga
chr4	24449142	0.04	NEU	a_Bakiga
chr4	24449390	0	NEU	a_Bakiga
chr4	24449590	0.26546	NEU	a_Bakiga
chr4	24449601	0.0754148	NEU	a_Bakiga
chr4	24449635	0.0754148	NEU	a_Bakiga
chr4	24449711	0	NEU	a_Bakiga
chr4	165726565	0	NEU	a_Bakiga
chr4	165726590	0	NEU	a_Bakiga
chr4	165726599	0.0392157	NEU	a_Bakiga
chr4	165726665	0	NEU	a_Bakiga
chr4	165726732	0	NEU	a_Bakiga
chr4	165726771	0	NEU	a_Bakiga
chr4	165726798	0	NEU	a_Bakiga
chr4	165726871	0.0754148	NEU	a_Bakiga
chr4	165726924	0	NEU	a_Bakiga
chr4	165726991	0.0384615	NEU	a_Bakiga
chr4	165727044	0.340121	NEU	a_Bakiga
chr4	181477714	0	NEU	a_Bakiga
chr4	181477851	0.0384615	NEU	a_Bakiga
chr4	181478220	0	NEU	a_Bakiga
chr4	181478252	0	NEU	a_Bakiga
chr4	181478303	0	NEU	a_Bakiga
chr4	181478314	0.0768627	NEU	a_Bakiga
chr4	181478345	0.406275	NEU	a_Bakiga
chr4	181478402	0.0754148	NEU	a_Bakiga
chr4	181490981	0.0768627	NEU	a_Bakiga
chr4	181491059	0.461538	NEU	a_Bakiga
chr4	181491139	0	NEU	a_Bakiga
chr4	181491222	0	NEU	a_Bakiga
chr4	181491269	0.291855	NEU	a_Bakiga
chr4	181491363	0.372245	NEU	a_Bakiga
chr4	182506668	0.180392	NEU	a_Bakiga
chr4	182506701	0.0384615	NEU	a_Bakiga
chr4	182506979	0	NEU	a_Bakiga
chr4	182507149	0	NEU	a_Bakiga
chr5	3175859	0.367059	NEU	a_Bakiga
chr5	3175962	0	NEU	a_Bakiga
chr5	3176012	0	NEU	a_Bakiga
chr5	3176092	0.0384615	NEU	a_Bakiga
chr5	3176442	0.0754148	NEU	a_Bakiga
chr5	3176609	0.0384615	NEU	a_Bakiga
chr5	3176632	0	NEU	a_Bakiga
chr5	3176678	0.326531	NEU	a_Bakiga
chr5	6886928	0.0425532	NEU	a_Bakiga
chr5	6886960	0	NEU	a_Bakiga
chr5	6887134	0	NEU	a_Bakiga
chr5	6887228	0.0384615	NEU	a_Bakiga
chr5	6887286	0.50905	NEU	a_Bakiga
chr5	6887402	0.0444444	NEU	a_Bakiga
chr5	82155978	0.144796	NEU	a_Bakiga
chr5	82156097	0	NEU	a_Bakiga
chr5	82156109	0.0768627	NEU	a_Bakiga
chr5	82156138	0	NEU	a_Bakiga
chr5	82156144	0	NEU	a_Bakiga
chr5	82156190	0.0384615	NEU	a_Bakiga
chr5	82156245	0.237557	NEU	a_Bakiga
chr5	82156401	0.0384615	NEU	a_Bakiga
chr5	116156440	0	NEU	a_Bakiga
chr6	840735	0.0392157	NEU	a_Bakiga
chr6	840845	0	NEU	a_Bakiga
chr6	840885	0.0392157	NEU	a_Bakiga
chr6	841104	0.144796	NEU	a_Bakiga
chr6	841105	0.0754148	NEU	a_Bakiga
chr6	841225	0.0754148	NEU	a_Bakiga
chr6	841297	0	NEU	a_Bakiga
chr6	148487686	0.11086	NEU	a_Bakiga
chr6	148487734	0.0384615	NEU	a_Bakiga
chr6	148487755	0	NEU	a_Bakiga
chr6	148487914	0.0384615	NEU	a_Bakiga
chr6	148487921	0.11086	NEU	a_Bakiga
chr6	148487968	0	NEU	a_Bakiga
chr6	148488018	0.0384615	NEU	a_Bakiga
chr7	15880252	0	NEU	a_Bakiga
chr7	15880255	0.241569	NEU	a_Bakiga
chr7	15880508	0	NEU	a_Bakiga
chr7	15880511	0.26546	NEU	a_Bakiga
chr7	15880571	0.177225	NEU	a_Bakiga
chr7	15880588	0	NEU	a_Bakiga
chr7	15880726	0.241569	NEU	a_Bakiga
chr7	15880771	0	NEU	a_Bakiga
chr7	15880776	0.208145	NEU	a_Bakiga
chr7	15880792	0.11086	NEU	a_Bakiga
chr7	15880858	0.0384615	NEU	a_Bakiga
chr7	109161220	0.401207	NEU	a_Bakiga
chr7	109161773	0	NEU	a_Bakiga
chr7	109161778	0.079932	NEU	a_Bakiga
chr8	102472400	0.04	NEU	a_Bakiga
chr8	102472488	0.241569	NEU	a_Bakiga
chr8	102472558	0.079932	NEU	a_Bakiga
chr8	102472574	0	NEU	a_Bakiga
chr8	102472718	0	NEU	a_Bakiga
chr8	102472926	0.49095	NEU	a_Bakiga
chr8	102472929	0	NEU	a_Bakiga
chr10	2009124	0	NEU	a_Bakiga
chr10	2009132	0.0416667	NEU	a_Bakiga
chr10	2009183	0.0768627	NEU	a_Bakiga
chr10	2009368	0.0392157	NEU	a_Bakiga
chr10	2009479	0	NEU	a_Bakiga
chr10	3306461	0.509804	NEU	a_Bakiga
chr10	3306462	0.0392157	NEU	a_Bakiga
chr10	3306688	0.47449	NEU	a_Bakiga
chr10	29421229	0	NEU	a_Bakiga
chr10	29421437	0.0408163	NEU	a_Bakiga
chr10	29421537	0	NEU	a_Bakiga
chr10	29421591	0.406275	NEU	a_Bakiga
chr10	29421685	0	NEU	a_Bakiga
chr10	130553950	0	NEU	a_Bakiga
chr10	130554050	0.0392157	NEU	a_Bakiga
chr10	130554097	0.211765	NEU	a_Bakiga
chr10	130554129	0	NEU	a_Bakiga
chr10	130554209	0	NEU	a_Bakiga
chr10	130554363	0.291855	NEU	a_Bakiga
chr11	91096860	0.208145	NEU	a_Bakiga
chr11	91096889	0.0384615	NEU	a_Bakiga
chr11	91097056	0	NEU	a_Bakiga
chr11	91097111	0	NEU	a_Bakiga
chr11	91097129	0	NEU	a_Bakiga
chr11	91097178	0.237557	NEU	a_Bakiga
chr11	91097219	0.0392157	NEU	a_Bakiga
chr11	91097231	0.0768627	NEU	a_Bakiga
chr11	98435081	0.04	NEU	a_Bakiga
chr11	98435229	0.453333	NEU	a_Bakiga
chr11	98435262	0.0392157	NEU	a_Bakiga
chr11	98435300	0.0392157	NEU	a_Bakiga
chr11	98435308	0.112941	NEU	a_Bakiga
chr11	98435482	0.25	NEU	a_Bakiga
chr11	98435488	0.489796	NEU	a_Bakiga
chr11	98435491	0.245714	NEU	a_Bakiga
chr11	116269741	0	NEU	a_Bakiga
chr11	116269785	0.509804	NEU	a_Bakiga
chr11	116269946	0	NEU	a_Bakiga
chr11	116269980	0.0384615	NEU	a_Bakiga
chr11	116270165	0.0384615	NEU	a_Bakiga
chr11	116270219	0.434389	NEU	a_Bakiga
chr11	116270353	0.144796	NEU	a_Bakiga
chr11	116270355	0	NEU	a_Bakiga
chr11	116270407	0	NEU	a_Bakiga
chr13	34295684	0	NEU	a_Bakiga
chr13	34295789	0.112941	NEU	a_Bakiga
chr13	34295915	0	NEU	a_Bakiga
chr13	34296166	0	NEU	a_Bakiga
chr13	110776640	0.0384615	NEU	a_Bakiga
chr13	110776733	0.505098	NEU	a_Bakiga
chr13	110776831	0.350204	NEU	a_Bakiga
chr13	110776835	0.04	NEU	a_Bakiga
chr13	110776840	0.0783673	NEU	a_Bakiga
chr14	101351283	0.316742	NEU	a_Bakiga
chr14	101351451	0.453333	NEU	a_Bakiga
chr14	101351560	0	NEU	a_Bakiga
chr14	101351689	0	NEU	a_Bakiga
chr14	101351893	0.0408163	NEU	a_Bakiga
chr14	101351984	0.04	NEU	a_Bakiga
chr14	101528792	0	NEU	a_Bakiga
chr14	101528877	0	NEU	a_Bakiga
chr14	101529005	0.472851	NEU	a_Bakiga
chr14	101529142	0.434389	NEU	a_Bakiga
chr14	101529339	0	NEU	a_Bakiga
chr14	101529449	0	NEU	a_Bakiga
chr14	101529453	0.0384615	NEU	a_Bakiga
chr16	87097657	0	NEU	a_Bakiga
chr16	87097879	0.11086	NEU	a_Bakiga
chr16	87098090	0.112941	NEU	a_Bakiga
chr18	7456421	0	NEU	a_Bakiga
chr18	72836420	0.472851	NEU	a_Bakiga
chr18	72836611	0	NEU	a_Bakiga
chr18	72836733	0	NEU	a_Bakiga
chr18	72836829	0.0783673	NEU	a_Bakiga
chr18	73970368	0.0408163	NEU	a_Bakiga
chr18	73970477	0.0783673	NEU	a_Bakiga
chr18	73970653	0.180392	NEU	a_Bakiga
chr18	73970794	0.472851	NEU	a_Bakiga
chr18	73971026	0	NEU	a_Bakiga
chr18	75682465	0.0392157	NEU	a_Bakiga
chr18	75682527	0.0392157	NEU	a_Bakiga
chr19	28554680	0.0416667	NEU	a_Bakiga
chr19	28554899	0	NEU	a_Bakiga
chr19	28554960	0.0416667	NEU	a_Bakiga
chr19	28555504	0	NEU	a_Bakiga
chr19	28555557	0.0384615	NEU	a_Bakiga
chr19	28555637	0	NEU	a_Bakiga
chr19	28555771	0.506787	NEU	a_Bakiga
chr19	28555865	0.0392157	NEU	a_Bakiga
chr19	28555975	0	NEU	a_Bakiga
chr19	28556104	0.0768627	NEU	a_Bakiga
chr21	40382011	0.117347	NEU	a_Bakiga
chr21	40382022	0	NEU	a_Bakiga
chr21	40382042	0.245714	NEU	a_Bakiga
chr21	40382304	0.448718	NEU	a_Bakiga
chr21	40382306	0.0384615	NEU	a_Bakiga
chr21	40382384	0.26546	NEU	a_Bakiga
chr21	40382615	0.112941	NEU	a_Bakiga
chr21	40382624	0.500392	NEU	a_Bakiga
chr22	35847034	0.489796	NEU	a_Bakiga
chr22	35847318	0.0408163	NEU	a_Bakiga
chr22	35847376	0.04	NEU	a_Bakiga
chr22	35847404	0.0768627	NEU	a_Bakiga
chr22	35847484	0.0768627	NEU	a_Bakiga
chr22	35847616	0.269804	NEU	a_Bakiga
chr22	35847637	0	NEU	a_Bakiga
chr1	5033924	0.308677	NEU	b_Sua
chr1	5033977	0.0974359	NEU	b_Sua
chr1	5034174	0.315912	NEU	b_Sua
chr1	5034218	0	NEU	b_Sua
chr1	5034279	0	NEU	b_Sua
chr10	2009124	0.0512821	NEU	b_Sua
chr10	2009132	0	NEU	b_Sua
chr10	2009183	0.284553	NEU	b_Sua
chr10	2009368	0	NEU	b_Sua
chr10	2009479	0	NEU	b_Sua
chr10	3306461	0.511538	NEU	b_Sua
chr10	3306462	0	NEU	b_Sua
chr10	3306688	0.504723	NEU	b_Sua
chr10	29421229	0.095122	NEU	b_Sua
chr10	29421437	0	NEU	b_Sua
chr10	29421537	0	NEU	b_Sua
chr10	29421591	0.219512	NEU	b_Sua
chr10	29421685	0.176539	NEU	b_Sua
chr10	130553950	0	NEU	b_Sua
chr10	130554050	0	NEU	b_Sua
chr10	130554097	0	NEU	b_Sua
chr10	130554129	0.139024	NEU	b_Sua
chr10	130554209	0	NEU	b_Sua
chr10	130554363	0.443902	NEU	b_Sua
chr11	91096860	0.437863	NEU	b_Sua
chr11	91096889	0	NEU	b_Sua
chr11	91097056	0	NEU	b_Sua
chr11	91097111	0	NEU	b_Sua
chr11	91097129	0.135889	NEU	b_Sua
chr11	91097178	0.437863	NEU	b_Sua
chr11	91097219	0.0512821	NEU	b_Sua
chr11	91097231	0.184615	NEU	b_Sua
chr11	98435081	0.0929152	NEU	b_Sua
chr11	98435229	0.315912	NEU	b_Sua
chr11	98435262	0	NEU	b_Sua
chr11	98435300	0.047619	NEU	b_Sua
chr11	98435308	0	NEU	b_Sua
chr11	98435482	0.188934	NEU	b_Sua
chr11	98435488	0.48583	NEU	b_Sua
chr11	98435491	0.193457	NEU	b_Sua
chr11	116269741	0	NEU	b_Sua
chr11	116269785	0.507549	NEU	b_Sua
chr11	116269946	0	NEU	b_Sua
chr11	116269980	0	NEU	b_Sua
chr11	116270165	0.176539	NEU	b_Sua
chr11	116270219	0.344948	NEU	b_Sua
chr11	116270353	0	NEU	b_Sua
chr11	116270355	0.0929152	NEU	b_Sua
chr11	116270407	0	NEU	b_Sua
chr13	34295684	0	NEU	b_Sua
chr13	34295789	0.35122	NEU	b_Sua
chr13	34295915	0.135889	NEU	b_Sua
chr13	34296166	0.047619	NEU	b_Sua
chr13	110776640	0	NEU	b_Sua
chr13	110776733	0.507692	NEU	b_Sua
chr13	110776831	0.099865	NEU	b_Sua
chr13	110776835	0.0512821	NEU	b_Sua
chr13	110776840	0.188934	NEU	b_Sua
chr14	101351283	0.364372	NEU	b_Sua
chr14	101351451	0.328205	NEU	b_Sua
chr14	101351560	0.0512821	NEU	b_Sua
chr14	101351689	0.05	NEU	b_Sua
chr14	101351893	0.234708	NEU	b_Sua
chr14	101351984	0	NEU	b_Sua
chr14	101528792	0.139024	NEU	b_Sua
chr14	101528877	0.0487805	NEU	b_Sua
chr14	101529005	0.507549	NEU	b_Sua
chr14	101529142	0.321951	NEU	b_Sua
chr14	101529339	0	NEU	b_Sua
chr14	101529449	0	NEU	b_Sua
chr14	101529453	0	NEU	b_Sua
chr16	87097657	0.047619	NEU	b_Sua
chr16	87097879	0.047619	NEU	b_Sua
chr16	87098090	0	NEU	b_Sua
chr18	7456421	0.105105	NEU	b_Sua
chr18	72836420	0.371661	NEU	b_Sua
chr18	72836611	0	NEU	b_Sua
chr18	72836733	0.105105	NEU	b_Sua
chr18	72836829	0	NEU	b_Sua
chr18	73970368	0.0512821	NEU	b_Sua
chr18	73970477	0	NEU	b_Sua
chr18	73970653	0.0487805	NEU	b_Sua
chr18	73970794	0.509756	NEU	b_Sua
chr18	73971026	0	NEU	b_Sua
chr18	75682465	0	NEU	b_Sua
chr18	75682527	0.047619	NEU	b_Sua
chr19	28554680	0	NEU	b_Sua
chr19	28554899	0	NEU	b_Sua
chr19	28554960	0	NEU	b_Sua
chr19	28555504	0	NEU	b_Sua
chr19	28555557	0	NEU	b_Sua
chr19	28555637	0	NEU	b_Sua
chr19	28555771	0.512195	NEU	b_Sua
chr19	28555865	0	NEU	b_Sua
chr19	28555975	0.250871	NEU	b_Sua
chr19	28556104	0.180488	NEU	b_Sua
chr2	7560810	0	NEU	b_Sua
chr2	7560822	0	NEU	b_Sua
chr2	7561194	0	NEU	b_Sua
chr2	7561276	0	NEU	b_Sua
chr2	7561292	0.250871	NEU	b_Sua
chr2	7561384	0	NEU	b_Sua
chr2	45347842	0	NEU	b_Sua
chr2	45347843	0.422475	NEU	b_Sua
chr2	45348125	0.099865	NEU	b_Sua
chr2	45348146	0.0487805	NEU	b_Sua
chr2	45348245	0.0929152	NEU	b_Sua
chr2	45348271	0	NEU	b_Sua
chr2	45348272	0.135889	NEU	b_Sua
chr2	45348277	0.250871	NEU	b_Sua
chr2	45348345	0.0929152	NEU	b_Sua
chr2	45348393	0.139024	NEU	b_Sua
chr2	45348556	0	NEU	b_Sua
chr2	240360589	0.047619	NEU	b_Sua
chr2	240360632	0.437863	NEU	b_Sua
chr2	240360739	0	NEU	b_Sua
chr21	40382011	0	NEU	b_Sua
chr21	40382022	0	NEU	b_Sua
chr21	40382042	0.45614	NEU	b_Sua
chr21	40382304	0.443902	NEU	b_Sua
chr21	40382306	0	NEU	b_Sua
chr21	40382384	0.22942	NEU	b_Sua
chr21	40382615	0.0540541	NEU	b_Sua
chr21	40382624	0.385714	NEU	b_Sua
chr22	35847034	0.493612	NEU	b_Sua
chr22	35847318	0.184615	NEU	b_Sua
chr22	35847376	0.256098	NEU	b_Sua
chr22	35847404	0	NEU	b_Sua
chr22	35847484	0.05	NEU	b_Sua
chr22	35847616	0.142308	NEU	b_Sua
chr22	35847637	0	NEU	b_Sua
chr4	23322543	0.184615	NEU	b_Sua
chr4	23322580	0	NEU	b_Sua
chr4	23322799	0.0487805	NEU	b_Sua
chr4	23322809	0	NEU	b_Sua
chr4	23322984	0.047619	NEU	b_Sua
chr4	24448818	0	NEU	b_Sua
chr4	24448916	0.0555556	NEU	b_Sua
chr4	24449051	0.193457	NEU	b_Sua
chr4	24449142	0	NEU	b_Sua
chr4	24449390	0	NEU	b_Sua
chr4	24449590	0.321951	NEU	b_Sua
chr4	24449601	0.224359	NEU	b_Sua
chr4	24449635	0.05	NEU	b_Sua
chr4	24449711	0.05	NEU	b_Sua
chr4	165726565	0.0974359	NEU	b_Sua
chr4	165726590	0	NEU	b_Sua
chr4	165726599	0	NEU	b_Sua
chr4	165726665	0	NEU	b_Sua
chr4	165726732	0	NEU	b_Sua
chr4	165726771	0	NEU	b_Sua
chr4	165726798	0	NEU	b_Sua
chr4	165726871	0	NEU	b_Sua
chr4	165726924	0	NEU	b_Sua
chr4	165726991	0.176539	NEU	b_Sua
chr4	165727044	0.256098	NEU	b_Sua
chr4	181477714	0	NEU	b_Sua
chr4	181477851	0	NEU	b_Sua
chr4	181478220	0	NEU	b_Sua
chr4	181478252	0.145749	NEU	b_Sua
chr4	181478303	0.05	NEU	b_Sua
chr4	181478314	0.05	NEU	b_Sua
chr4	181478345	0.35122	NEU	b_Sua
chr4	181478402	0	NEU	b_Sua
chr4	181490981	0.321951	NEU	b_Sua
chr4	181491059	0.418118	NEU	b_Sua
chr4	181491139	0	NEU	b_Sua
chr4	181491222	0.214866	NEU	b_Sua
chr4	181491269	0.250871	NEU	b_Sua
chr4	181491363	0.256098	NEU	b_Sua
chr4	182506668	0	NEU	b_Sua
chr4	182506701	0	NEU	b_Sua
chr4	182506979	0	NEU	b_Sua
chr4	182507149	0.145749	NEU	b_Sua
chr5	3175859	0.371661	NEU	b_Sua
chr5	3175962	0	NEU	b_Sua
chr5	3176012	0	NEU	b_Sua
chr5	3176092	0	NEU	b_Sua
chr5	3176442	0.047619	NEU	b_Sua
chr5	3176609	0.344948	NEU	b_Sua
chr5	3176632	0	NEU	b_Sua
chr5	3176678	0.0929152	NEU	b_Sua
chr5	6886928	0	NEU	b_Sua
chr5	6886960	0	NEU	b_Sua
chr5	6887134	0	NEU	b_Sua
chr5	6887228	0.284553	NEU	b_Sua
chr5	6887286	0.455285	NEU	b_Sua
chr5	6887402	0	NEU	b_Sua
chr5	82155978	0.0929152	NEU	b_Sua
chr5	82156097	0	NEU	b_Sua
chr5	82156109	0	NEU	b_Sua
chr5	82156138	0	NEU	b_Sua
chr5	82156144	0.047619	NEU	b_Sua
chr5	82156190	0.135889	NEU	b_Sua
chr5	82156245	0.250871	NEU	b_Sua
chr5	82156401	0	NEU	b_Sua
chr5	116156440	0	NEU	b_Sua
chr6	840735	0.145749	NEU	b_Sua
chr6	840845	0.047619	NEU	b_Sua
chr6	840885	0	NEU	b_Sua
chr6	841104	0.135889	NEU	b_Sua
chr6	841105	0	NEU	b_Sua
chr6	841225	0.047619	NEU	b_Sua
chr6	841297	0	NEU	b_Sua
chr6	148487686	0	NEU	b_Sua
chr6	148487734	0	NEU	b_Sua
chr6	148487755	0.135889	NEU	b_Sua
chr6	148487914	0.047619	NEU	b_Sua
chr6	148487921	0.135889	NEU	b_Sua
chr6	148487968	0.344948	NEU	b_Sua
chr6	148488018	0.05	NEU	b_Sua
chr7	15880252	0.0929152	NEU	b_Sua
chr7	15880255	0.418118	NEU	b_Sua
chr7	15880508	0.176539	NEU	b_Sua
chr7	15880511	0.047619	NEU	b_Sua
chr7	15880571	0.176539	NEU	b_Sua
chr7	15880588	0	NEU	b_Sua
chr7	15880726	0.135889	NEU	b_Sua
chr7	15880771	0	NEU	b_Sua
chr7	15880776	0.0929152	NEU	b_Sua
chr7	15880792	0.047619	NEU	b_Sua
chr7	15880858	0.047619	NEU	b_Sua
chr7	109161220	0.371661	NEU	b_Sua
chr7	109161773	0	NEU	b_Sua
chr7	109161778	0	NEU	b_Sua
chr8	102472400	0	NEU	b_Sua
chr8	102472488	0.45	NEU	b_Sua
chr8	102472558	0	NEU	b_Sua
chr8	102472574	0	NEU	b_Sua
chr8	102472718	0.0929152	NEU	b_Sua
chr8	102472926	0.501742	NEU	b_Sua
chr8	102472929	0	NEU	b_Sua
chr1	5033924	0.102418	NEU	c_Twa
chr1	5033977	0	NEU	c_Twa
chr1	5034174	0.502415	NEU	c_Twa
chr1	5034218	0	NEU	c_Twa
chr1	5034279	0	NEU	c_Twa
chr10	2009124	0	NEU	c_Twa
chr10	2009132	0	NEU	c_Twa
chr10	2009183	0.0908084	NEU	c_Twa
chr10	2009368	0	NEU	c_Twa
chr10	2009479	0	NEU	c_Twa
chr10	3306461	0.504983	NEU	c_Twa
chr10	3306462	0.047619	NEU	c_Twa
chr10	3306688	0.487805	NEU	c_Twa
chr10	29421229	0	NEU	c_Twa
chr10	29421437	0	NEU	c_Twa
chr10	29421537	0	NEU	c_Twa
chr10	29421591	0.0850242	NEU	c_Twa
chr10	29421685	0	NEU	c_Twa
chr10	130553950	0	NEU	c_Twa
chr10	130554050	0	NEU	c_Twa
chr10	130554097	0.0850242	NEU	c_Twa
chr10	130554129	0	NEU	c_Twa
chr10	130554209	0	NEU	c_Twa
chr10	130554363	0.33887	NEU	c_Twa
chr11	91096860	0.0850242	NEU	c_Twa
chr11	91096889	0	NEU	c_Twa
chr11	91097056	0	NEU	c_Twa
chr11	91097111	0	NEU	c_Twa
chr11	91097129	0.162319	NEU	c_Twa
chr11	91097178	0.165657	NEU	c_Twa
chr11	91097219	0.0887949	NEU	c_Twa
chr11	91097231	0.127273	NEU	c_Twa
chr11	98435081	0	NEU	c_Twa
chr11	98435229	0.29899	NEU	c_Twa
chr11	98435262	0	NEU	c_Twa
chr11	98435300	0.0850242	NEU	c_Twa
chr11	98435308	0.127273	NEU	c_Twa
chr11	98435482	0.047619	NEU	c_Twa
chr11	98435488	0.449612	NEU	c_Twa
chr11	98435491	0	NEU	c_Twa
chr11	116269741	0	NEU	c_Twa
chr11	116269785	0.511111	NEU	c_Twa
chr11	116269946	0	NEU	c_Twa
chr11	116269980	0	NEU	c_Twa
chr11	116270165	0	NEU	c_Twa
chr11	116270219	0.463768	NEU	c_Twa
chr11	116270353	0.124638	NEU	c_Twa
chr11	116270355	0.0850242	NEU	c_Twa
chr11	116270407	0.0868687	NEU	c_Twa
chr13	34295684	0	NEU	c_Twa
chr13	34295789	0.0887949	NEU	c_Twa
chr13	34295915	0.43285	NEU	c_Twa
chr13	34296166	0	NEU	c_Twa
chr13	110776640	0	NEU	c_Twa
chr13	110776733	0.485201	NEU	c_Twa
chr13	110776831	0	NEU	c_Twa
chr13	110776835	0.0929152	NEU	c_Twa
chr13	110776840	0.0929152	NEU	c_Twa
chr14	101351283	0.431894	NEU	c_Twa
chr14	101351451	0.459831	NEU	c_Twa
chr14	101351560	0	NEU	c_Twa
chr14	101351689	0	NEU	c_Twa
chr14	101351893	0.250871	NEU	c_Twa
chr14	101351984	0	NEU	c_Twa
chr14	101528792	0	NEU	c_Twa
chr14	101528877	0	NEU	c_Twa
chr14	101529005	0.449275	NEU	c_Twa
chr14	101529142	0.127273	NEU	c_Twa
chr14	101529339	0	NEU	c_Twa
chr14	101529449	0.127273	NEU	c_Twa
chr14	101529453	0	NEU	c_Twa
chr16	87097657	0.0434783	NEU	c_Twa
chr16	87097879	0.0850242	NEU	c_Twa
chr16	87098090	0	NEU	c_Twa
chr18	7456421	0	NEU	c_Twa
chr18	72836420	0.480808	NEU	c_Twa
chr18	72836611	0.142308	NEU	c_Twa
chr18	72836733	0	NEU	c_Twa
chr18	72836829	0	NEU	c_Twa
chr18	73970368	0.290244	NEU	c_Twa
chr18	73970477	0	NEU	c_Twa
chr18	73970653	0	NEU	c_Twa
chr18	73970794	0.502415	NEU	c_Twa
chr18	73971026	0	NEU	c_Twa
chr18	75682465	0	NEU	c_Twa
chr18	75682527	0.165657	NEU	c_Twa
chr19	28554680	0	NEU	c_Twa
chr19	28554899	0.047619	NEU	c_Twa
chr19	28554960	0	NEU	c_Twa
chr19	28555504	0	NEU	c_Twa
chr19	28555557	0	NEU	c_Twa
chr19	28555637	0	NEU	c_Twa
chr19	28555771	0.510145	NEU	c_Twa
chr19	28555865	0	NEU	c_Twa
chr19	28555975	0	NEU	c_Twa
chr19	28556104	0	NEU	c_Twa
chr2	7560810	0	NEU	c_Twa
chr2	7560822	0	NEU	c_Twa
chr2	7561194	0	NEU	c_Twa
chr2	7561276	0	NEU	c_Twa
chr2	7561292	0	NEU	c_Twa
chr2	7561384	0	NEU	c_Twa
chr2	45347842	0.0512821	NEU	c_Twa
chr2	45347843	0.462304	NEU	c_Twa
chr2	45348125	0.0454545	NEU	c_Twa
chr2	45348146	0	NEU	c_Twa
chr2	45348245	0	NEU	c_Twa
chr2	45348271	0	NEU	c_Twa
chr2	45348272	0	NEU	c_Twa
chr2	45348277	0.420202	NEU	c_Twa
chr2	45348345	0	NEU	c_Twa
chr2	45348393	0	NEU	c_Twa
chr2	45348556	0	NEU	c_Twa
chr2	240360589	0	NEU	c_Twa
chr2	240360632	0.371981	NEU	c_Twa
chr2	240360739	0	NEU	c_Twa
chr21	40382011	0	NEU	c_Twa
chr21	40382022	0.099865	NEU	c_Twa
chr21	40382042	0.431894	NEU	c_Twa
chr21	40382304	0.463768	NEU	c_Twa
chr21	40382306	0.0444444	NEU	c_Twa
chr21	40382384	0.139024	NEU	c_Twa
chr21	40382615	0.095122	NEU	c_Twa
chr21	40382624	0.408974	NEU	c_Twa
chr22	35847034	0.507549	NEU	c_Twa
chr22	35847318	0.245847	NEU	c_Twa
chr22	35847376	0	NEU	c_Twa
chr22	35847404	0	NEU	c_Twa
chr22	35847484	0.0465116	NEU	c_Twa
chr22	35847616	0.30444	NEU	c_Twa
chr22	35847637	0	NEU	c_Twa
chr4	23322543	0.124638	NEU	c_Twa
chr4	23322580	0	NEU	c_Twa
chr4	23322799	0	NEU	c_Twa
chr4	23322809	0.0850242	NEU	c_Twa
chr4	23322984	0	NEU	c_Twa
chr4	24448818	0	NEU	c_Twa
chr4	24448916	0.0526316	NEU	c_Twa
chr4	24449051	0	NEU	c_Twa
chr4	24449142	0	NEU	c_Twa
chr4	24449390	0	NEU	c_Twa
chr4	24449590	0.443902	NEU	c_Twa
chr4	24449601	0.0487805	NEU	c_Twa
chr4	24449635	0.047619	NEU	c_Twa
chr4	24449711	0	NEU	c_Twa
chr4	165726565	0.0887949	NEU	c_Twa
chr4	165726590	0	NEU	c_Twa
chr4	165726599	0	NEU	c_Twa
chr4	165726665	0	NEU	c_Twa
chr4	165726732	0	NEU	c_Twa
chr4	165726771	0.0434783	NEU	c_Twa
chr4	165726798	0	NEU	c_Twa
chr4	165726871	0	NEU	c_Twa
chr4	165726924	0	NEU	c_Twa
chr4	165726991	0.198068	NEU	c_Twa
chr4	165727044	0.371981	NEU	c_Twa
chr4	181477714	0.0434783	NEU	c_Twa
chr4	181477851	0	NEU	c_Twa
chr4	181478220	0.214866	NEU	c_Twa
chr4	181478252	0	NEU	c_Twa
chr4	181478303	0	NEU	c_Twa
chr4	181478314	0	NEU	c_Twa
chr4	181478345	0.353535	NEU	c_Twa
chr4	181478402	0.0434783	NEU	c_Twa
chr4	181490981	0.394203	NEU	c_Twa
chr4	181491059	0.463768	NEU	c_Twa
chr4	181491139	0.0850242	NEU	c_Twa
chr4	181491222	0	NEU	c_Twa
chr4	181491269	0.268687	NEU	c_Twa
chr4	181491363	0.353535	NEU	c_Twa
chr4	182506668	0.231884	NEU	c_Twa
chr4	182506701	0	NEU	c_Twa
chr4	182506979	0	NEU	c_Twa
chr4	182507149	0	NEU	c_Twa
chr5	3175859	0.263768	NEU	c_Twa
chr5	3175962	0	NEU	c_Twa
chr5	3176012	0.124638	NEU	c_Twa
chr5	3176092	0	NEU	c_Twa
chr5	3176442	0	NEU	c_Twa
chr5	3176609	0.0868687	NEU	c_Twa
chr5	3176632	0	NEU	c_Twa
chr5	3176678	0.20202	NEU	c_Twa
chr5	6886928	0	NEU	c_Twa
chr5	6886960	0.188934	NEU	c_Twa
chr5	6887134	0	NEU	c_Twa
chr5	6887228	0.124638	NEU	c_Twa
chr5	6887286	0.502415	NEU	c_Twa
chr5	6887402	0.05	NEU	c_Twa
chr5	82155978	0.29372	NEU	c_Twa
chr5	82156097	0	NEU	c_Twa
chr5	82156109	0	NEU	c_Twa
chr5	82156138	0	NEU	c_Twa
chr5	82156144	0	NEU	c_Twa
chr5	82156190	0.0434783	NEU	c_Twa
chr5	82156245	0.198068	NEU	c_Twa
chr5	82156401	0	NEU	c_Twa
chr5	116156440	0	NEU	c_Twa
chr6	840735	0	NEU	c_Twa
chr6	840845	0	NEU	c_Twa
chr6	840885	0	NEU	c_Twa
chr6	841104	0.231884	NEU	c_Twa
chr6	841105	0	NEU	c_Twa
chr6	841225	0	NEU	c_Twa
chr6	841297	0.047619	NEU	c_Twa
chr6	148487686	0	NEU	c_Twa
chr6	148487734	0	NEU	c_Twa
chr6	148487755	0	NEU	c_Twa
chr6	148487914	0.0850242	NEU	c_Twa
chr6	148487921	0.263768	NEU	c_Twa
chr6	148487968	0	NEU	c_Twa
chr6	148488018	0	NEU	c_Twa
chr7	15880252	0	NEU	c_Twa
chr7	15880255	0.353535	NEU	c_Twa
chr7	15880508	0	NEU	c_Twa
chr7	15880511	0	NEU	c_Twa
chr7	15880571	0	NEU	c_Twa
chr7	15880588	0.0444444	NEU	c_Twa
chr7	15880726	0.268687	NEU	c_Twa
chr7	15880771	0	NEU	c_Twa
chr7	15880776	0.268687	NEU	c_Twa
chr7	15880792	0.124638	NEU	c_Twa
chr7	15880858	0	NEU	c_Twa
chr7	109161220	0.507246	NEU	c_Twa
chr7	109161773	0	NEU	c_Twa
chr7	109161778	0	NEU	c_Twa
chr8	102472400	0	NEU	c_Twa
chr8	102472488	0.41196	NEU	c_Twa
chr8	102472558	0	NEU	c_Twa
chr8	102472574	0	NEU	c_Twa
chr8	102472718	0	NEU	c_Twa
chr8	102472926	0.510145	NEU	c_Twa
chr8	102472929	0.0434783	NEU	c_Twa
chr1	5033924	0	NEU	f_Manawa
chr1	5033977	0	NEU	f_Manawa
chr1	5034174	0.5	NEU	f_Manawa
chr1	5034218	0.0555556	NEU	f_Manawa
chr1	5034279	0	NEU	f_Manawa
chr10	2009124	0	NEU	f_Manawa
chr10	2009132	0	NEU	f_Manawa
chr10	2009183	0.285714	NEU	f_Manawa
chr10	2009368	0.40107	NEU	f_Manawa
chr10	2009479	0	NEU	f_Manawa
chr10	3306461	0.514286	NEU	f_Manawa
chr10	3306462	0	NEU	f_Manawa
chr10	3306688	0.497984	NEU	f_Manawa
chr10	29421229	0	NEU	f_Manawa
chr10	29421437	0	NEU	f_Manawa
chr10	29421537	0.252101	NEU	f_Manawa
chr10	29421591	0	NEU	f_Manawa
chr10	29421685	0	NEU	f_Manawa
chr10	130553950	0	NEU	f_Manawa
chr10	130554050	0	NEU	f_Manawa
chr10	130554097	0	NEU	f_Manawa
chr10	130554129	0	NEU	f_Manawa
chr10	130554209	0	NEU	f_Manawa
chr10	130554363	0.363025	NEU	f_Manawa
chr11	91096860	0	NEU	f_Manawa
chr11	91096889	0	NEU	f_Manawa
chr11	91097056	0	NEU	f_Manawa
chr11	91097111	0	NEU	f_Manawa
chr11	91097129	0	NEU	f_Manawa
chr11	91097178	0.412698	NEU	f_Manawa
chr11	91097219	0	NEU	f_Manawa
chr11	91097231	0.420168	NEU	f_Manawa
chr11	98435081	0	NEU	f_Manawa
chr11	98435229	0.107937	NEU	f_Manawa
chr11	98435262	0	NEU	f_Manawa
chr11	98435300	0	NEU	f_Manawa
chr11	98435308	0	NEU	f_Manawa
chr11	98435482	0.117424	NEU	f_Manawa
chr11	98435488	0.114082	NEU	f_Manawa
chr11	98435491	0.510924	NEU	f_Manawa
chr11	116269741	0	NEU	f_Manawa
chr11	116269785	0.355556	NEU	f_Manawa
chr11	116269946	0.107937	NEU	f_Manawa
chr11	116269980	0	NEU	f_Manawa
chr11	116270165	0	NEU	f_Manawa
chr11	116270219	0.0555556	NEU	f_Manawa
chr11	116270353	0	NEU	f_Manawa
chr11	116270355	0	NEU	f_Manawa
chr11	116270407	0	NEU	f_Manawa
chr13	34295684	0	NEU	f_Manawa
chr13	34295789	0.507937	NEU	f_Manawa
chr13	34295915	0	NEU	f_Manawa
chr13	34296166	0	NEU	f_Manawa
chr13	110776640	0	NEU	f_Manawa
chr13	110776733	0.513369	NEU	f_Manawa
chr13	110776831	0.40107	NEU	f_Manawa
chr13	110776835	0	NEU	f_Manawa
chr13	110776840	0	NEU	f_Manawa
chr14	101351283	0.219697	NEU	f_Manawa
chr14	101351451	0.0588235	NEU	f_Manawa
chr14	101351560	0	NEU	f_Manawa
chr14	101351689	0	NEU	f_Manawa
chr14	101351893	0	NEU	f_Manawa
chr14	101351984	0	NEU	f_Manawa
chr14	101528792	0	NEU	f_Manawa
chr14	101528877	0	NEU	f_Manawa
chr14	101529005	0.514286	NEU	f_Manawa
chr14	101529142	0.514286	NEU	f_Manawa
chr14	101529339	0.0555556	NEU	f_Manawa
chr14	101529449	0	NEU	f_Manawa
chr14	101529453	0	NEU	f_Manawa
chr16	87097657	0	NEU	f_Manawa
chr16	87097879	0.246032	NEU	f_Manawa
chr16	87098090	0	NEU	f_Manawa
chr18	7456421	0	NEU	f_Manawa
chr18	72836420	0.457143	NEU	f_Manawa
chr18	72836611	0	NEU	f_Manawa
chr18	72836733	0	NEU	f_Manawa
chr18	72836829	0	NEU	f_Manawa
chr18	73970368	0	NEU	f_Manawa
chr18	73970477	0	NEU	f_Manawa
chr18	73970653	0	NEU	f_Manawa
chr18	73970794	0.514286	NEU	f_Manawa
chr18	73971026	0.0571429	NEU	f_Manawa
chr18	75682465	0	NEU	f_Manawa
chr18	75682527	0	NEU	f_Manawa
chr19	28554680	0	NEU	f_Manawa
chr19	28554899	0	NEU	f_Manawa
chr19	28554960	0	NEU	f_Manawa
chr19	28555504	0	NEU	f_Manawa
chr19	28555557	0	NEU	f_Manawa
chr19	28555637	0.157143	NEU	f_Manawa
chr19	28555771	0.436508	NEU	f_Manawa
chr19	28555865	0	NEU	f_Manawa
chr19	28555975	0	NEU	f_Manawa
chr19	28556104	0	NEU	f_Manawa
chr2	7560810	0	NEU	f_Manawa
chr2	7560822	0	NEU	f_Manawa
chr2	7561194	0.110924	NEU	f_Manawa
chr2	7561276	0	NEU	f_Manawa
chr2	7561292	0	NEU	f_Manawa
chr2	7561384	0	NEU	f_Manawa
chr2	45347842	0.258467	NEU	f_Manawa
chr2	45347843	0.508021	NEU	f_Manawa
chr2	45348125	0.508021	NEU	f_Manawa
chr2	45348146	0	NEU	f_Manawa
chr2	45348245	0.110924	NEU	f_Manawa
chr2	45348271	0	NEU	f_Manawa
chr2	45348272	0	NEU	f_Manawa
chr2	45348277	0.480672	NEU	f_Manawa
chr2	45348345	0	NEU	f_Manawa
chr2	45348393	0	NEU	f_Manawa
chr2	45348556	0	NEU	f_Manawa
chr2	240360589	0	NEU	f_Manawa
chr2	240360632	0.5	NEU	f_Manawa
chr2	240360739	0	NEU	f_Manawa
chr21	40382011	0	NEU	f_Manawa
chr21	40382022	0	NEU	f_Manawa
chr21	40382042	0.213904	NEU	f_Manawa
chr21	40382304	0.285714	NEU	f_Manawa
chr21	40382306	0	NEU	f_Manawa
chr21	40382384	0.246032	NEU	f_Manawa
chr21	40382615	0	NEU	f_Manawa
chr21	40382624	0.45098	NEU	f_Manawa
chr22	35847034	0.436508	NEU	f_Manawa
chr22	35847318	0	NEU	f_Manawa
chr22	35847376	0	NEU	f_Manawa
chr22	35847404	0	NEU	f_Manawa
chr22	35847484	0	NEU	f_Manawa
chr22	35847616	0	NEU	f_Manawa
chr22	35847637	0.0555556	NEU	f_Manawa
chr4	23322543	0	NEU	f_Manawa
chr4	23322580	0	NEU	f_Manawa
chr4	23322799	0	NEU	f_Manawa
chr4	23322809	0	NEU	f_Manawa
chr4	23322984	0	NEU	f_Manawa
chr4	24448818	0	NEU	f_Manawa
chr4	24448916	0	NEU	f_Manawa
chr4	24449051	0.0645161	NEU	f_Manawa
chr4	24449142	0	NEU	f_Manawa
chr4	24449390	0	NEU	f_Manawa
chr4	24449590	0	NEU	f_Manawa
chr4	24449601	0	NEU	f_Manawa
chr4	24449635	0	NEU	f_Manawa
chr4	24449711	0	NEU	f_Manawa
chr4	165726565	0	NEU	f_Manawa
chr4	165726590	0.157143	NEU	f_Manawa
chr4	165726599	0	NEU	f_Manawa
chr4	165726665	0.107937	NEU	f_Manawa
chr4	165726732	0	NEU	f_Manawa
chr4	165726771	0	NEU	f_Manawa
chr4	165726798	0	NEU	f_Manawa
chr4	165726871	0	NEU	f_Manawa
chr4	165726924	0	NEU	f_Manawa
chr4	165726991	0	NEU	f_Manawa
chr4	165727044	0.285714	NEU	f_Manawa
chr4	181477714	0	NEU	f_Manawa
chr4	181477851	0.412698	NEU	f_Manawa
chr4	181478220	0	NEU	f_Manawa
chr4	181478252	0	NEU	f_Manawa
chr4	181478303	0	NEU	f_Manawa
chr4	181478314	0	NEU	f_Manawa
chr4	181478345	0.443697	NEU	f_Manawa
chr4	181478402	0	NEU	f_Manawa
chr4	181490981	0	NEU	f_Manawa
chr4	181491059	0.436508	NEU	f_Manawa
chr4	181491139	0	NEU	f_Manawa
chr4	181491222	0.457143	NEU	f_Manawa
chr4	181491269	0.412698	NEU	f_Manawa
chr4	181491363	0.0588235	NEU	f_Manawa
chr4	182506668	0	NEU	f_Manawa
chr4	182506701	0	NEU	f_Manawa
chr4	182506979	0	NEU	f_Manawa
chr4	182507149	0	NEU	f_Manawa
chr5	3175859	0.436508	NEU	f_Manawa
chr5	3175962	0	NEU	f_Manawa
chr5	3176012	0	NEU	f_Manawa
chr5	3176092	0	NEU	f_Manawa
chr5	3176442	0	NEU	f_Manawa
chr5	3176609	0	NEU	f_Manawa
chr5	3176632	0.208403	NEU	f_Manawa
chr5	3176678	0.0571429	NEU	f_Manawa
chr5	6886928	0	NEU	f_Manawa
chr5	6886960	0	NEU	f_Manawa
chr5	6887134	0	NEU	f_Manawa
chr5	6887228	0	NEU	f_Manawa
chr5	6887286	0.322222	NEU	f_Manawa
chr5	6887402	0	NEU	f_Manawa
chr5	82155978	0	NEU	f_Manawa
chr5	82156097	0.246032	NEU	f_Manawa
chr5	82156109	0	NEU	f_Manawa
chr5	82156138	0.107937	NEU	f_Manawa
chr5	82156144	0	NEU	f_Manawa
chr5	82156190	0	NEU	f_Manawa
chr5	82156245	0	NEU	f_Manawa
chr5	82156401	0	NEU	f_Manawa
chr5	116156440	0	NEU	f_Manawa
chr6	840735	0	NEU	f_Manawa
chr6	840845	0	NEU	f_Manawa
chr6	840885	0	NEU	f_Manawa
chr6	841104	0	NEU	f_Manawa
chr6	841105	0	NEU	f_Manawa
chr6	841225	0	NEU	f_Manawa
chr6	841297	0	NEU	f_Manawa
chr6	148487686	0	NEU	f_Manawa
chr6	148487734	0	NEU	f_Manawa
chr6	148487755	0	NEU	f_Manawa
chr6	148487914	0	NEU	f_Manawa
chr6	148487921	0	NEU	f_Manawa
chr6	148487968	0	NEU	f_Manawa
chr6	148488018	0	NEU	f_Manawa
chr7	15880252	0	NEU	f_Manawa
chr7	15880255	0.285714	NEU	f_Manawa
chr7	15880508	0	NEU	f_Manawa
chr7	15880511	0.474603	NEU	f_Manawa
chr7	15880571	0.246032	NEU	f_Manawa
chr7	15880588	0	NEU	f_Manawa
chr7	15880726	0.157143	NEU	f_Manawa
chr7	15880771	0	NEU	f_Manawa
chr7	15880776	0.322222	NEU	f_Manawa
chr7	15880792	0	NEU	f_Manawa
chr7	15880858	0	NEU	f_Manawa
chr7	109161220	0.355556	NEU	f_Manawa
chr7	109161773	0.107937	NEU	f_Manawa
chr7	109161778	0	NEU	f_Manawa
chr8	102472400	0	NEU	f_Manawa
chr8	102472488	0	NEU	f_Manawa
chr8	102472558	0	NEU	f_Manawa
chr8	102472574	0	NEU	f_Manawa
chr8	102472718	0	NEU	f_Manawa
chr8	102472926	0.203175	NEU	f_Manawa
chr8	102472929	0	NEU	f_Manawa
chr1	5033924	0	NEU	d_Manobo
chr1	5033977	0	NEU	d_Manobo
chr1	5034174	0.509752	NEU	d_Manobo
chr1	5034218	0	NEU	d_Manobo
chr1	5034279	0	NEU	d_Manobo
chr10	2009124	0	NEU	d_Manobo
chr10	2009132	0	NEU	d_Manobo
chr10	2009183	0.259019	NEU	d_Manobo
chr10	2009368	0.263768	NEU	d_Manobo
chr10	2009479	0.0416667	NEU	d_Manobo
chr10	3306461	0.510145	NEU	d_Manobo
chr10	3306462	0	NEU	d_Manobo
chr10	3306688	0.5074	NEU	d_Manobo
chr10	29421229	0	NEU	d_Manobo
chr10	29421437	0	NEU	d_Manobo
chr10	29421537	0.190603	NEU	d_Manobo
chr10	29421591	0.254433	NEU	d_Manobo
chr10	29421685	0	NEU	d_Manobo
chr10	130553950	0	NEU	d_Manobo
chr10	130554050	0	NEU	d_Manobo
chr10	130554097	0	NEU	d_Manobo
chr10	130554129	0	NEU	d_Manobo
chr10	130554209	0	NEU	d_Manobo
chr10	130554363	0.31117	NEU	d_Manobo
chr11	91096860	0	NEU	d_Manobo
chr11	91096889	0	NEU	d_Manobo
chr11	91097056	0.0416667	NEU	d_Manobo
chr11	91097111	0	NEU	d_Manobo
chr11	91097129	0	NEU	d_Manobo
chr11	91097178	0.223404	NEU	d_Manobo
chr11	91097219	0	NEU	d_Manobo
chr11	91097231	0.198068	NEU	d_Manobo
chr11	98435081	0	NEU	d_Manobo
chr11	98435229	0.0416667	NEU	d_Manobo
chr11	98435262	0	NEU	d_Manobo
chr11	98435300	0	NEU	d_Manobo
chr11	98435308	0	NEU	d_Manobo
chr11	98435482	0.0434783	NEU	d_Manobo
chr11	98435488	0.0850242	NEU	d_Manobo
chr11	98435491	0.347826	NEU	d_Manobo
chr11	116269741	0	NEU	d_Manobo
chr11	116269785	0.31117	NEU	d_Manobo
chr11	116269946	0.254433	NEU	d_Manobo
chr11	116269980	0	NEU	d_Manobo
chr11	116270165	0	NEU	d_Manobo
chr11	116270219	0.156028	NEU	d_Manobo
chr11	116270353	0	NEU	d_Manobo
chr11	116270355	0	NEU	d_Manobo
chr11	116270407	0	NEU	d_Manobo
chr13	34295684	0	NEU	d_Manobo
chr13	34295789	0.427382	NEU	d_Manobo
chr13	34295915	0	NEU	d_Manobo
chr13	34296166	0	NEU	d_Manobo
chr13	110776640	0	NEU	d_Manobo
chr13	110776733	0.510638	NEU	d_Manobo
chr13	110776831	0.0815603	NEU	d_Manobo
chr13	110776835	0	NEU	d_Manobo
chr13	110776840	0	NEU	d_Manobo
chr14	101351283	0.283688	NEU	d_Manobo
chr14	101351451	0.223404	NEU	d_Manobo
chr14	101351560	0	NEU	d_Manobo
chr14	101351689	0	NEU	d_Manobo
chr14	101351893	0	NEU	d_Manobo
chr14	101351984	0	NEU	d_Manobo
chr14	101528792	0	NEU	d_Manobo
chr14	101528877	0	NEU	d_Manobo
chr14	101529005	0.467199	NEU	d_Manobo
chr14	101529142	0.427382	NEU	d_Manobo
chr14	101529339	0.0416667	NEU	d_Manobo
chr14	101529449	0	NEU	d_Manobo
chr14	101529453	0	NEU	d_Manobo
chr16	87097657	0	NEU	d_Manobo
chr16	87097879	0.316374	NEU	d_Manobo
chr16	87098090	0	NEU	d_Manobo
chr18	7456421	0	NEU	d_Manobo
chr18	72836420	0.194265	NEU	d_Manobo
chr18	72836611	0	NEU	d_Manobo
chr18	72836733	0	NEU	d_Manobo
chr18	72836829	0	NEU	d_Manobo
chr18	73970368	0	NEU	d_Manobo
chr18	73970477	0	NEU	d_Manobo
chr18	73970653	0	NEU	d_Manobo
chr18	73970794	0.508788	NEU	d_Manobo
chr18	73971026	0	NEU	d_Manobo
chr18	75682465	0	NEU	d_Manobo
chr18	75682527	0	NEU	d_Manobo
chr19	28554680	0	NEU	d_Manobo
chr19	28554899	0	NEU	d_Manobo
chr19	28554960	0	NEU	d_Manobo
chr19	28555504	0	NEU	d_Manobo
chr19	28555557	0	NEU	d_Manobo
chr19	28555637	0.156028	NEU	d_Manobo
chr19	28555771	0.336879	NEU	d_Manobo
chr19	28555865	0	NEU	d_Manobo
chr19	28555975	0	NEU	d_Manobo
chr19	28556104	0	NEU	d_Manobo
chr2	7560810	0	NEU	d_Manobo
chr2	7560822	0	NEU	d_Manobo
chr2	7561194	0.43883	NEU	d_Manobo
chr2	7561276	0	NEU	d_Manobo
chr2	7561292	0	NEU	d_Manobo
chr2	7561384	0	NEU	d_Manobo
chr2	45347842	0.194265	NEU	d_Manobo
chr2	45347843	0.496454	NEU	d_Manobo
chr2	45348125	0.476329	NEU	d_Manobo
chr2	45348146	0	NEU	d_Manobo
chr2	45348245	0	NEU	d_Manobo
chr2	45348271	0	NEU	d_Manobo
chr2	45348272	0	NEU	d_Manobo
chr2	45348277	0.467199	NEU	d_Manobo
chr2	45348345	0	NEU	d_Manobo
chr2	45348393	0	NEU	d_Manobo
chr2	45348556	0	NEU	d_Manobo
chr2	240360589	0	NEU	d_Manobo
chr2	240360632	0.382979	NEU	d_Manobo
chr2	240360739	0	NEU	d_Manobo
chr21	40382011	0	NEU	d_Manobo
chr21	40382022	0	NEU	d_Manobo
chr21	40382042	0.130021	NEU	d_Manobo
chr21	40382304	0.421986	NEU	d_Manobo
chr21	40382306	0	NEU	d_Manobo
chr21	40382384	0.283688	NEU	d_Manobo
chr21	40382615	0	NEU	d_Manobo
chr21	40382624	0.454545	NEU	d_Manobo
chr22	35847034	0.458834	NEU	d_Manobo
chr22	35847318	0	NEU	d_Manobo
chr22	35847376	0	NEU	d_Manobo
chr22	35847404	0	NEU	d_Manobo
chr22	35847484	0	NEU	d_Manobo
chr22	35847616	0.259019	NEU	d_Manobo
chr22	35847637	0	NEU	d_Manobo
chr4	23322543	0	NEU	d_Manobo
chr4	23322580	0	NEU	d_Manobo
chr4	23322799	0	NEU	d_Manobo
chr4	23322809	0	NEU	d_Manobo
chr4	23322984	0	NEU	d_Manobo
chr4	24448818	0.127273	NEU	d_Manobo
chr4	24448916	0.0929152	NEU	d_Manobo
chr4	24449051	0.0929152	NEU	d_Manobo
chr4	24449142	0	NEU	d_Manobo
chr4	24449390	0	NEU	d_Manobo
chr4	24449590	0	NEU	d_Manobo
chr4	24449601	0	NEU	d_Manobo
chr4	24449635	0	NEU	d_Manobo
chr4	24449711	0	NEU	d_Manobo
chr4	165726565	0	NEU	d_Manobo
chr4	165726590	0.122109	NEU	d_Manobo
chr4	165726599	0	NEU	d_Manobo
chr4	165726665	0	NEU	d_Manobo
chr4	165726732	0.122109	NEU	d_Manobo
chr4	165726771	0	NEU	d_Manobo
chr4	165726798	0	NEU	d_Manobo
chr4	165726871	0	NEU	d_Manobo
chr4	165726924	0	NEU	d_Manobo
chr4	165726991	0	NEU	d_Manobo
chr4	165727044	0.507092	NEU	d_Manobo
chr4	181477714	0	NEU	d_Manobo
chr4	181477851	0.254433	NEU	d_Manobo
chr4	181478220	0	NEU	d_Manobo
chr4	181478252	0	NEU	d_Manobo
chr4	181478303	0	NEU	d_Manobo
chr4	181478314	0	NEU	d_Manobo
chr4	181478345	0.316374	NEU	d_Manobo
chr4	181478402	0	NEU	d_Manobo
chr4	181490981	0	NEU	d_Manobo
chr4	181491059	0.31117	NEU	d_Manobo
chr4	181491139	0	NEU	d_Manobo
chr4	181491222	0.421986	NEU	d_Manobo
chr4	181491269	0.254433	NEU	d_Manobo
chr4	181491363	0.0832562	NEU	d_Manobo
chr4	182506668	0	NEU	d_Manobo
chr4	182506701	0	NEU	d_Manobo
chr4	182506979	0.0425532	NEU	d_Manobo
chr4	182507149	0	NEU	d_Manobo
chr5	3175859	0.403369	NEU	d_Manobo
chr5	3175962	0.0832562	NEU	d_Manobo
chr5	3176012	0	NEU	d_Manobo
chr5	3176092	0	NEU	d_Manobo
chr5	3176442	0	NEU	d_Manobo
chr5	3176609	0	NEU	d_Manobo
chr5	3176632	0	NEU	d_Manobo
chr5	3176678	0.194265	NEU	d_Manobo
chr5	6886928	0	NEU	d_Manobo
chr5	6886960	0	NEU	d_Manobo
chr5	6887134	0.0832562	NEU	d_Manobo
chr5	6887228	0	NEU	d_Manobo
chr5	6887286	0	NEU	d_Manobo
chr5	6887402	0	NEU	d_Manobo
chr5	82155978	0	NEU	d_Manobo
chr5	82156097	0.223404	NEU	d_Manobo
chr5	82156109	0	NEU	d_Manobo
chr5	82156138	0.0416667	NEU	d_Manobo
chr5	82156144	0	NEU	d_Manobo
chr5	82156190	0	NEU	d_Manobo
chr5	82156245	0	NEU	d_Manobo
chr5	82156401	0	NEU	d_Manobo
chr5	116156440	0.0425532	NEU	d_Manobo
chr6	840735	0	NEU	d_Manobo
chr6	840845	0	NEU	d_Manobo
chr6	840885	0	NEU	d_Manobo
chr6	841104	0	NEU	d_Manobo
chr6	841105	0	NEU	d_Manobo
chr6	841225	0	NEU	d_Manobo
chr6	841297	0	NEU	d_Manobo
chr6	148487686	0	NEU	d_Manobo
chr6	148487734	0	NEU	d_Manobo
chr6	148487755	0	NEU	d_Manobo
chr6	148487914	0	NEU	d_Manobo
chr6	148487921	0.0815603	NEU	d_Manobo
chr6	148487968	0	NEU	d_Manobo
chr6	148488018	0.119681	NEU	d_Manobo
chr7	15880252	0	NEU	d_Manobo
chr7	15880255	0.159112	NEU	d_Manobo
chr7	15880508	0	NEU	d_Manobo
chr7	15880511	0.453901	NEU	d_Manobo
chr7	15880571	0.156028	NEU	d_Manobo
chr7	15880588	0	NEU	d_Manobo
chr7	15880726	0.31117	NEU	d_Manobo
chr7	15880771	0	NEU	d_Manobo
chr7	15880776	0.254433	NEU	d_Manobo
chr7	15880792	0	NEU	d_Manobo
chr7	15880858	0	NEU	d_Manobo
chr7	109161220	0.336879	NEU	d_Manobo
chr7	109161773	0.371981	NEU	d_Manobo
chr7	109161778	0	NEU	d_Manobo
chr8	102472400	0	NEU	d_Manobo
chr8	102472488	0	NEU	d_Manobo
chr8	102472558	0	NEU	d_Manobo
chr8	102472574	0.0425532	NEU	d_Manobo
chr8	102472718	0	NEU	d_Manobo
chr8	102472926	0.496454	NEU	d_Manobo
chr8	102472929	0	NEU	d_Manobo
